{
  "eye": {
    "orientation": [
      -0.04710714891552925,
      0,
      0,
      0.9988898634910583
    ],
    "magnitude": 1,
    "position": [
      0,
      47.82167053222656,
      509.7679748535156
    ]
  },
  "radius": 512,
  "type": "ORTHOGRAPHIC"
}