{
  "eye": {
    "orientation": [
      0.5090414881706238,
      0,
      0,
      0.8607420325279236
    ],
    "magnitude": 1,
    "position": [
      0,
      -448.68450927734375,
      246.6307830810547
    ]
  },
  "radius": 512,
  "type": "ORTHOGRAPHIC"
}